name,address,city,state,zipcode
Westmonte Park,624 Bills Lane,Altamonte Springs,FL,32714
Eastmonte Park,830 Magnolia Drive,Altamonte Springs,FL,32701
Rockler Woodworking,515 E Altamonte Drive #1018,Altamonte Springs,FL,32701
The Geek Easy,114 S Semoran Boulevard #6,Winter Park,FL,32792
Will's Pub,1042 N Mills Avenue,Orlando,FL,32803
Orlando Science Center,777 E Princeton Street,Orlando,FL,32803
The Plaza Live,425 N Bumby Avenue,Orlando,FL,32803
Lake Eola Park,20 N Eola Drive,Orlando,FL,32801
Cranes Roost Park,274 Cranes Roost Boulevard,Altamonte Springs,FL,32701
Sanlando Park,401 W Highland Street,Altamonte Springs,FL,32714
Red Bug Lake Park,3600 Red Bug Lake Road,Casselberry,FL,32707
Secret Lake Park,200 N Triplet Lake Drive,Casselberry,FL,32707
Lake Lily Park,701 Lake Lily Drive,Maitland,FL,32751